id,name,gender
1,David,Male
2,Brian,Male
3,Adam,Male
4,Frank,Male
5,Carol,Female
6,Carol,Female
7,Dana,Female
8,Dana,Female
9,David,Male
10,Dana,Female
11,Charlie,Male
12,Frank,Male
13,Charlie,Male
14,David,Male
15,Carol,Female
16,Frank,Male
17,Alice,Female
18,Bob,Female
19,Charlie,Male
20,Dana,Female
21,David,Male
22,Evan,Male
23,David,Male
24,Alice,Female
25,Adam,Male
26,Frank,Male
27,Dana,Female
28,Frank,Male
29,Adam,Male
30,Brian,Male
31,Eve,Female
32,Carol,Female
33,Bob,Female
34,Alice,Female
35,Eve,Female
36,Adam,Male
37,David,Male
38,Eve,Female
39,Alice,Female
40,Carol,Female
41,Charlie,Male
42,Charlie,Male
43,Bob,Female
44,Fiona,Female
45,David,Male
46,Dana,Female
47,Brian,Male
48,Adam,Male
49,Carol,Female
50,Carol,Female
51,Dana,Female
52,Charlie,Male
53,Fiona,Female
54,Fiona,Female
55,Alice,Female
56,Frank,Male
57,Bob,Female
58,Fiona,Female
59,Adam,Male
60,Frank,Male
61,David,Male
62,Adam,Male
63,Alice,Female
64,Bob,Female
65,Alice,Female
66,Carol,Female
67,Fiona,Female
68,Charlie,Male
69,David,Male
70,Evan,Male
71,Charlie,Male
72,Adam,Male
73,Brian,Male
74,Carol,Female
75,Fiona,Female
76,David,Male
77,Frank,Male
78,David,Male
79,Eve,Female
80,Brian,Male
81,Carol,Female
82,Dana,Female
83,Evan,Male
84,Dana,Female
85,Carol,Female
86,Evan,Male
87,David,Male
88,Bob,Female
89,Charlie,Male
90,Fiona,Female
91,Evan,Male
92,Dana,Female
93,Dana,Female
94,Dana,Female
95,Dana,Female
96,Eve,Female
97,Eve,Female
98,Brian,Male
99,Evan,Male
100,Alice,Female
101,Carol,Female
102,Alice,Female
103,David,Male
104,David,Male
105,Evan,Male
106,Brian,Male
107,David,Male
108,Alice,Female
109,Brian,Male
110,Dana,Female
111,Bob,Female
112,Adam,Male
113,Charlie,Male
114,Fiona,Female
115,Charlie,Male
116,Frank,Male
117,Fiona,Female
118,Bob,Female
119,Charlie,Male
120,Carol,Female
121,Dana,Female
122,Brian,Male
123,David,Male
124,Bob,Female
125,Bob,Female
126,Fiona,Female
127,Eve,Female
128,David,Male
129,Dana,Female
130,Adam,Male
131,Charlie,Male
132,Bob,Female
133,Evan,Male
134,Bob,Female
135,Adam,Male
136,Charlie,Male
137,Alice,Female
138,Charlie,Male
139,Charlie,Male
140,Adam,Male
141,Frank,Male
142,Adam,Male
143,Eve,Female
144,Evan,Male
145,Frank,Male
146,Bob,Female
147,Eve,Female
148,Frank,Male
149,Dana,Female
150,Fiona,Female
151,Carol,Female
152,Adam,Male
153,Frank,Male
154,Fiona,Female
155,Charlie,Male
156,Charlie,Male
157,Charlie,Male
158,Carol,Female
159,Adam,Male
160,Fiona,Female
161,Bob,Female
162,Charlie,Male
163,Alice,Female
164,Bob,Female
165,Charlie,Male
166,David,Male
167,Eve,Female
168,Eve,Female
169,Alice,Female
170,Alice,Female
171,Frank,Male
172,Adam,Male
173,Frank,Male
174,Alice,Female
175,Brian,Male
176,Evan,Male
177,Dana,Female
178,Adam,Male
179,Dana,Female
180,Brian,Male
181,Brian,Male
182,Eve,Female
183,Adam,Male
184,Dana,Female
185,Frank,Male
186,Brian,Male
187,Adam,Male
188,Alice,Female
189,Adam,Male
190,Frank,Male
191,Dana,Female
192,Alice,Female
193,Dana,Female
194,Brian,Male
195,Brian,Male
196,Alice,Female
197,Fiona,Female
198,Eve,Female
199,Dana,Female
200,Carol,Female
201,Carol,Female
202,Charlie,Male
203,Adam,Male
204,Charlie,Male
205,Frank,Male
206,Brian,Male
207,Charlie,Male
208,Dana,Female
209,Bob,Female
210,Brian,Male
211,Evan,Male
212,David,Male
213,Brian,Male
214,Fiona,Female
215,Dana,Female
216,Alice,Female
217,Alice,Female
218,Bob,Female
219,Frank,Male
220,David,Male
221,Fiona,Female
222,Fiona,Female
223,Fiona,Female
224,David,Male
225,David,Male
226,Dana,Female
227,Adam,Male
228,David,Male
229,Carol,Female
230,Evan,Male
231,Alice,Female
232,Fiona,Female
233,Eve,Female
234,Evan,Male
235,Alice,Female
236,Frank,Male
237,Adam,Male
238,David,Male
239,Frank,Male
240,David,Male
241,Adam,Male
242,Bob,Female
243,Evan,Male
244,Alice,Female
245,Adam,Male
246,Eve,Female
247,Fiona,Female
248,Evan,Male
249,Carol,Female
250,Charlie,Male
251,Bob,Female
252,Carol,Female
253,Dana,Female
254,Carol,Female
255,Adam,Male
256,Bob,Female
257,Carol,Female
258,Eve,Female
259,David,Male
260,Fiona,Female
261,Bob,Female
262,Eve,Female
263,Alice,Female
264,Dana,Female
265,Frank,Male
266,Frank,Male
267,Brian,Male
268,Fiona,Female
269,Alice,Female
270,Eve,Female
271,Eve,Female
272,Fiona,Female
273,Dana,Female
274,Charlie,Male
275,Alice,Female
276,Carol,Female
277,Brian,Male
278,David,Male
279,Brian,Male
280,Eve,Female
281,Alice,Female
282,Fiona,Female
283,Fiona,Female
284,Eve,Female
285,Adam,Male
286,Evan,Male
287,Bob,Female
288,Brian,Male
289,Dana,Female
290,Fiona,Female
291,Carol,Female
292,Evan,Male
293,David,Male
294,Brian,Male
295,Brian,Male
296,Adam,Male
297,Bob,Female
298,Adam,Male
299,David,Male
300,Fiona,Female
301,Carol,Female
302,Frank,Male
303,Bob,Female
304,Frank,Male
305,Charlie,Male
306,David,Male
307,Dana,Female
308,Charlie,Male
309,Brian,Male
310,Adam,Male
311,Adam,Male
312,Evan,Male
313,Brian,Male
314,Brian,Male
315,Adam,Male
316,David,Male
317,Eve,Female
318,Adam,Male
319,Adam,Male
320,David,Male
321,Brian,Male
322,Carol,Female
323,David,Male
324,Fiona,Female
325,David,Male
326,David,Male
327,Brian,Male
328,Bob,Female
329,Fiona,Female
330,Frank,Male
331,Frank,Male
332,Adam,Male
333,Bob,Female
334,Frank,Male
335,Frank,Male
336,David,Male
337,Frank,Male
338,Brian,Male
339,Fiona,Female
340,Fiona,Female
341,Frank,Male
342,Adam,Male
343,Charlie,Male
344,Frank,Male
345,Bob,Female
346,Eve,Female
347,David,Male
348,Carol,Female
349,Dana,Female
350,Charlie,Male
351,Alice,Female
352,Evan,Male
353,Carol,Female
354,Carol,Female
355,David,Male
356,Adam,Male
357,David,Male
358,David,Male
359,Evan,Male
360,Fiona,Female
361,Eve,Female
362,Carol,Female
363,Eve,Female
364,Bob,Female
365,Bob,Female
366,Alice,Female
367,Bob,Female
368,Carol,Female
369,David,Male
370,David,Male
371,Alice,Female
372,Adam,Male
373,Eve,Female
374,Frank,Male
375,Brian,Male
376,Frank,Male
377,Carol,Female
378,Bob,Female
379,Evan,Male
380,Fiona,Female
381,Eve,Female
382,Eve,Female
383,Eve,Female
384,Eve,Female
385,Bob,Female
386,Alice,Female
387,Dana,Female
388,Eve,Female
389,Carol,Female
390,Adam,Male
391,Adam,Male
392,David,Male
393,Evan,Male
394,Alice,Female
395,Frank,Male
396,David,Male
397,Carol,Female
398,Eve,Female
399,Fiona,Female
400,David,Male
401,Eve,Female
402,Frank,Male
403,Eve,Female
404,Charlie,Male
405,Charlie,Male
406,Eve,Female
407,Adam,Male
408,Dana,Female
409,Dana,Female
410,Adam,Male
411,Frank,Male
412,Dana,Female
413,Dana,Female
414,Alice,Female
415,Dana,Female
416,Fiona,Female
417,Alice,Female
418,Alice,Female
419,David,Male
420,Dana,Female
421,Brian,Male
422,Dana,Female
423,Brian,Male
424,David,Male
425,Alice,Female
426,Fiona,Female
427,Charlie,Male
428,Carol,Female
429,David,Male
430,Dana,Female
431,Dana,Female
432,David,Male
433,David,Male
434,Frank,Male
435,Alice,Female
436,Dana,Female
437,Carol,Female
438,Eve,Female
439,Dana,Female
440,David,Male
441,Evan,Male
442,Charlie,Male
443,Fiona,Female
444,Bob,Female
445,Charlie,Male
446,Eve,Female
447,Frank,Male
448,David,Male
449,Adam,Male
450,Charlie,Male
451,Charlie,Male
452,Brian,Male
453,Brian,Male
454,Evan,Male
455,Brian,Male
456,Charlie,Male
457,Charlie,Male
458,Charlie,Male
459,Eve,Female
460,Bob,Female
461,Carol,Female
462,Dana,Female
463,David,Male
464,Adam,Male
465,Charlie,Male
466,Fiona,Female
467,David,Male
468,Eve,Female
469,Alice,Female
470,Eve,Female
471,Carol,Female
472,Fiona,Female
473,David,Male
474,Carol,Female
475,Evan,Male
476,Fiona,Female
477,Fiona,Female
478,David,Male
479,Evan,Male
480,Carol,Female
481,Alice,Female
482,Eve,Female
483,Charlie,Male
484,Alice,Female
485,Carol,Female
486,Evan,Male
487,Alice,Female
488,Dana,Female
489,Bob,Female
490,Frank,Male
491,Fiona,Female
492,Fiona,Female
493,David,Male
494,Adam,Male
495,Dana,Female
496,Evan,Male
497,Carol,Female
498,David,Male
499,Dana,Female
500,Fiona,Female
501,Fiona,Female
502,Eve,Female
503,Carol,Female
504,Bob,Female
505,Eve,Female
506,Dana,Female
507,Evan,Male
508,David,Male
509,Fiona,Female
510,Fiona,Female
511,Brian,Male
512,Alice,Female
513,Charlie,Male
514,Carol,Female
515,Brian,Male
516,Eve,Female
517,David,Male
518,Charlie,Male
519,Fiona,Female
520,Fiona,Female
521,Bob,Female
522,Charlie,Male
523,Frank,Male
524,Eve,Female
525,Fiona,Female
526,Evan,Male
527,Eve,Female
528,Evan,Male
529,Carol,Female
530,Dana,Female
531,Eve,Female
532,Carol,Female
533,Dana,Female
534,Carol,Female
535,Carol,Female
536,Fiona,Female
537,Evan,Male
538,Evan,Male
539,Adam,Male
540,Alice,Female
541,Eve,Female
542,Adam,Male
543,Dana,Female
544,Eve,Female
545,Alice,Female
546,Charlie,Male
547,Charlie,Male
548,David,Male
549,Adam,Male
550,Fiona,Female
551,Frank,Male
552,David,Male
553,Frank,Male
554,Charlie,Male
555,Charlie,Male
556,David,Male
557,Eve,Female
558,Alice,Female
559,Fiona,Female
560,Eve,Female
561,Dana,Female
562,Bob,Female
563,Fiona,Female
564,Carol,Female
565,David,Male
566,Fiona,Female
567,Bob,Female
568,Eve,Female
569,Alice,Female
570,Carol,Female
571,Carol,Female
572,Evan,Male
573,Charlie,Male
574,Dana,Female
575,Brian,Male
576,Adam,Male
577,David,Male
578,Charlie,Male
579,Fiona,Female
580,Bob,Female
581,Brian,Male
582,Dana,Female
583,David,Male
584,David,Male
585,Bob,Female
586,Evan,Male
587,Dana,Female
588,Eve,Female
589,Evan,Male
590,Adam,Male
591,Adam,Male
592,Brian,Male
593,Frank,Male
594,Adam,Male
595,David,Male
596,Eve,Female
597,Evan,Male
598,Bob,Female
599,Brian,Male
600,Bob,Female
601,Frank,Male
602,Evan,Male
603,David,Male
604,Adam,Male
605,Alice,Female
606,Evan,Male
607,Brian,Male
608,Adam,Male
609,Fiona,Female
610,Evan,Male
611,Evan,Male
612,Carol,Female
613,Charlie,Male
614,David,Male
615,Frank,Male
616,Fiona,Female
617,David,Male
618,Adam,Male
619,Eve,Female
620,Dana,Female
621,Brian,Male
622,Alice,Female
623,Charlie,Male
624,Charlie,Male
625,Bob,Female
626,Frank,Male
627,Frank,Male
628,Fiona,Female
629,Alice,Female
630,Charlie,Male
631,Frank,Male
632,Charlie,Male
633,Brian,Male
634,Adam,Male
635,Dana,Female
636,Brian,Male
637,Carol,Female
638,Dana,Female
639,Alice,Female
640,Frank,Male
641,Carol,Female
642,Frank,Male
643,Dana,Female
644,David,Male
645,Evan,Male
646,Alice,Female
647,Eve,Female
648,Carol,Female
649,Bob,Female
650,Dana,Female
651,Evan,Male
652,Evan,Male
653,Adam,Male
654,Frank,Male
655,David,Male
656,Alice,Female
657,Bob,Female
658,Alice,Female
659,Bob,Female
660,Adam,Male
661,Alice,Female
662,Adam,Male
663,Carol,Female
664,Charlie,Male
665,Alice,Female
666,Brian,Male
667,Brian,Male
668,Adam,Male
669,Fiona,Female
670,Charlie,Male
671,Alice,Female
672,Bob,Female
673,David,Male
674,David,Male
675,David,Male
676,Dana,Female
677,David,Male
678,Alice,Female
679,Alice,Female
680,Dana,Female
681,David,Male
682,Fiona,Female
683,David,Male
684,Carol,Female
685,David,Male
686,Brian,Male
687,Charlie,Male
688,Alice,Female
689,Frank,Male
690,Adam,Male
691,Alice,Female
692,Carol,Female
693,Adam,Male
694,Brian,Male
695,Dana,Female
696,Dana,Female
697,Frank,Male
698,Eve,Female
699,Adam,Male
700,Brian,Male
701,Eve,Female
702,Fiona,Female
703,Frank,Male
704,Alice,Female
705,Alice,Female
706,Alice,Female
707,Frank,Male
708,David,Male
709,Carol,Female
710,David,Male
711,David,Male
712,Fiona,Female
713,Frank,Male
714,Evan,Male
715,Dana,Female
716,Charlie,Male
717,Alice,Female
718,David,Male
719,Frank,Male
720,Evan,Male
721,Fiona,Female
722,Frank,Male
723,Carol,Female
724,Frank,Male
725,Carol,Female
726,Bob,Female
727,Brian,Male
728,Brian,Male
729,Alice,Female
730,Adam,Male
731,Evan,Male
732,Eve,Female
733,Brian,Male
734,Fiona,Female
735,Evan,Male
736,Carol,Female
737,Charlie,Male
738,Charlie,Male
739,Brian,Male
740,Eve,Female
741,Carol,Female
742,Carol,Female
743,Adam,Male
744,Charlie,Male
745,Frank,Male
746,Bob,Female
747,Charlie,Male
748,Charlie,Male
749,Carol,Female
750,Brian,Male
751,Frank,Male
752,Fiona,Female
753,Dana,Female
754,Charlie,Male
755,Charlie,Male
756,Adam,Male
757,Charlie,Male
758,Eve,Female
759,Carol,Female
760,Fiona,Female
761,Bob,Female
762,Bob,Female
763,Bob,Female
764,Frank,Male
765,Fiona,Female
766,Dana,Female
767,Adam,Male
768,Bob,Female
769,Eve,Female
770,Dana,Female
771,Fiona,Female
772,Fiona,Female
773,Eve,Female
774,Dana,Female
775,Carol,Female
776,Bob,Female
777,Eve,Female
778,David,Male
779,Carol,Female
780,Dana,Female
781,Frank,Male
782,Alice,Female
783,Fiona,Female
784,Evan,Male
785,Brian,Male
786,Dana,Female
787,Frank,Male
788,Alice,Female
789,Charlie,Male
790,Carol,Female
791,Brian,Male
792,Brian,Male
793,Evan,Male
794,Frank,Male
795,Charlie,Male
796,Dana,Female
797,Charlie,Male
798,Charlie,Male
799,David,Male
800,David,Male
801,Eve,Female
802,Adam,Male
803,Carol,Female
804,Fiona,Female
805,Eve,Female
806,Brian,Male
807,Carol,Female
808,Adam,Male
809,Fiona,Female
810,Fiona,Female
811,Evan,Male
812,Alice,Female
813,Fiona,Female
814,Evan,Male
815,Frank,Male
816,David,Male
817,Alice,Female
818,Bob,Female
819,Charlie,Male
820,Brian,Male
821,Adam,Male
822,Evan,Male
823,Dana,Female
824,Brian,Male
825,Bob,Female
826,Eve,Female
827,Adam,Male
828,Alice,Female
829,Fiona,Female
830,Frank,Male
831,Bob,Female
832,Adam,Male
833,Alice,Female
834,Charlie,Male
835,Dana,Female
836,Carol,Female
837,Dana,Female
838,Alice,Female
839,Brian,Male
840,Charlie,Male
841,Charlie,Male
842,Charlie,Male
843,Eve,Female
844,Fiona,Female
845,Eve,Female
846,Brian,Male
847,Eve,Female
848,Carol,Female
849,Eve,Female
850,Evan,Male
851,Frank,Male
852,Alice,Female
853,Frank,Male
854,Carol,Female
855,Eve,Female
856,Evan,Male
857,Carol,Female
858,Eve,Female
859,Eve,Female
860,Alice,Female
861,Carol,Female
862,Evan,Male
863,Bob,Female
864,Fiona,Female
865,Bob,Female
866,Charlie,Male
867,Eve,Female
868,David,Male
869,David,Male
870,Fiona,Female
871,Dana,Female
872,Frank,Male
873,Eve,Female
874,Carol,Female
875,Charlie,Male
876,Bob,Female
877,Eve,Female
878,Frank,Male
879,Carol,Female
880,Charlie,Male
881,Evan,Male
882,Adam,Male
883,Brian,Male
884,Brian,Male
885,Carol,Female
886,Dana,Female
887,Dana,Female
888,Fiona,Female
889,Dana,Female
890,Charlie,Male
891,Brian,Male
892,Charlie,Male
893,Charlie,Male
894,Carol,Female
895,Eve,Female
896,Dana,Female
897,Bob,Female
898,Dana,Female
899,Eve,Female
900,Evan,Male
901,David,Male
902,Eve,Female
903,Eve,Female
904,David,Male
905,Eve,Female
906,Carol,Female
907,Eve,Female
908,Bob,Female
909,Frank,Male
910,Carol,Female
911,David,Male
912,David,Male
913,Adam,Male
914,Evan,Male
915,Eve,Female
916,Dana,Female
917,Evan,Male
918,Adam,Male
919,Alice,Female
920,Charlie,Male
921,Eve,Female
922,Charlie,Male
923,Frank,Male
924,Bob,Female
925,Evan,Male
926,Eve,Female
927,Charlie,Male
928,Frank,Male
929,Carol,Female
930,Brian,Male
931,Adam,Male
932,Carol,Female
933,Brian,Male
934,Eve,Female
935,Alice,Female
936,Frank,Male
937,Adam,Male
938,Eve,Female
939,Charlie,Male
940,Bob,Female
941,Bob,Female
942,Evan,Male
943,Dana,Female
944,Adam,Male
945,Charlie,Male
946,Alice,Female
947,Frank,Male
948,Charlie,Male
949,Eve,Female
950,Adam,Male
951,Frank,Male
952,Alice,Female
953,Fiona,Female
954,Carol,Female
955,Eve,Female
956,David,Male
957,Brian,Male
958,Charlie,Male
959,David,Male
960,Carol,Female
961,Frank,Male
962,Dana,Female
963,Frank,Male
964,Bob,Female
965,David,Male
966,Eve,Female
967,Alice,Female
968,Charlie,Male
969,Carol,Female
970,Brian,Male
971,Brian,Male
972,Evan,Male
973,Bob,Female
974,Bob,Female
975,Evan,Male
976,Adam,Male
977,Frank,Male
978,Frank,Male
979,Alice,Female
980,Dana,Female
981,Dana,Female
982,Eve,Female
983,Carol,Female
984,Charlie,Male
985,David,Male
986,Alice,Female
987,Fiona,Female
988,Adam,Male
989,Fiona,Female
990,Eve,Female
991,Eve,Female
992,David,Male
993,Alice,Female
994,Charlie,Male
995,Eve,Female
996,Brian,Male
997,Charlie,Male
998,Adam,Male
999,Dana,Female
1000,Eve,Female
